district_no,district_name,avenue,street,legend_key,image_id
1,Riverside,A,1,,
1,Riverside,D,1,,
1,Riverside,E,1,,
1,Riverside,F,2,,
1,Riverside,G,2,,
1,Riverside,D,3,,
1,Riverside,F,3,,
1,Riverside,F,4,,
1,Riverside,G,4,,
1,Riverside,A,5,,
1,Riverside,B,6,,
1,Riverside,C,6,,
1,Riverside,D,6,,
1,Riverside,E,6,,
1,Riverside,C,7,,
1,Riverside,F,7,,
1,Riverside,B,8,,
1,Riverside,C,8,,
1,Riverside,E,8,,
1,Riverside,G,8,,
1,Riverside,A,9,,
1,Riverside,F,9,,
1,Riverside,C,10,,
1,Riverside,G,10,,
2,Oakwood,A,2,,
2,Oakwood,B,2,,
2,Oakwood,C,2,,
2,Oakwood,D,2,,
2,Oakwood,F,2,,
2,Oakwood,C,3,,
2,Oakwood,D,3,,
2,Oakwood,G,3,,
2,Oakwood,B,4,,
2,Oakwood,C,4,,
2,Oakwood,F,4,,
2,Oakwood,G,4,,
2,Oakwood,E,5,,
2,Oakwood,B,6,,
2,Oakwood,C,6,,
2,Oakwood,F,6,,
2,Oakwood,B,7,,
2,Oakwood,B,9,,
2,Oakwood,C,9,,
2,Oakwood,F,9,,
2,Oakwood,C,10,,
3,Brookhaven,B,1,,
3,Brookhaven,E,1,,
3,Brookhaven,G,1,,
3,Brookhaven,D,2,,
3,Brookhaven,F,2,,
3,Brookhaven,G,2,,
3,Brookhaven,C,3,,
3,Brookhaven,F,3,,
3,Brookhaven,C,4,,
3,Brookhaven,E,5,,
3,Brookhaven,D,6,,
3,Brookhaven,D,7,,
3,Brookhaven,E,7,,
3,Brookhaven,D,8,,
3,Brookhaven,F,8,,
3,Brookhaven,B,9,,
3,Brookhaven,C,10,,
4,Fairview,B,1,,
4,Fairview,E,1,,
4,Fairview,A,2,,
4,Fairview,G,2,,
4,Fairview,A,3,,
4,Fairview,B,3,,
4,Fairview,D,3,,
4,Fairview,F,3,,
4,Fairview,G,3,,
4,Fairview,A,5,,
4,Fairview,E,5,,
4,Fairview,F,5,,
4,Fairview,B,6,,
4,Fairview,B,7,,
4,Fairview,D,7,,
4,Fairview,E,7,,
4,Fairview,F,7,,
4,Fairview,G,7,,
4,Fairview,E,8,,
4,Fairview,C,9,,
5,Lakeshore,B,1,,
5,Lakeshore,F,1,,
5,Lakeshore,G,1,,
5,Lakeshore,C,2,,
5,Lakeshore,D,2,,
5,Lakeshore,E,2,,
5,Lakeshore,A,3,,
5,Lakeshore,B,3,,
5,Lakeshore,F,3,,
5,Lakeshore,A,4,,
5,Lakeshore,C,4,,
5,Lakeshore,E,4,,
5,Lakeshore,A,5,,
5,Lakeshore,F,5,,
5,Lakeshore,C,6,,
5,Lakeshore,E,6,,
5,Lakeshore,C,7,,
5,Lakeshore,D,8,,
5,Lakeshore,A,9,,
5,Lakeshore,F,9,,
5,Lakeshore,G,9,,
5,Lakeshore,B,10,,
5,Lakeshore,F,10,,
6,Maplewood,B,1,,
6,Maplewood,B,2,,
6,Maplewood,D,2,,
6,Maplewood,E,3,,
6,Maplewood,D,4,,
6,Maplewood,E,4,,
6,Maplewood,A,5,,
6,Maplewood,B,5,,
6,Maplewood,C,5,,
6,Maplewood,E,5,,
6,Maplewood,G,6,,
6,Maplewood,A,7,,
6,Maplewood,C,7,,
6,Maplewood,E,7,,
6,Maplewood,C,8,,
6,Maplewood,D,8,,
6,Maplewood,B,9,,
6,Maplewood,C,9,,
6,Maplewood,A,10,,
6,Maplewood,B,10,,
7,Highland Park,C,1,,
7,Highland Park,D,1,,
7,Highland Park,G,1,,
7,Highland Park,D,2,,
7,Highland Park,E,2,,
7,Highland Park,G,3,,
7,Highland Park,C,4,,
7,Highland Park,F,4,,
7,Highland Park,D,5,,
7,Highland Park,E,5,,
7,Highland Park,B,6,,
7,Highland Park,D,6,,
7,Highland Park,G,7,,
7,Highland Park,F,8,,
7,Highland Park,B,9,,
7,Highland Park,F,9,,
8,Cedar Falls,B,1,,
8,Cedar Falls,D,1,,
8,Cedar Falls,E,1,,
8,Cedar Falls,C,3,,
8,Cedar Falls,D,3,,
8,Cedar Falls,E,3,,
8,Cedar Falls,B,4,,
8,Cedar Falls,E,4,,
8,Cedar Falls,G,4,,
8,Cedar Falls,B,5,,
8,Cedar Falls,G,5,,
8,Cedar Falls,A,6,,
8,Cedar Falls,D,6,,
8,Cedar Falls,C,7,,
8,Cedar Falls,F,7,,
8,Cedar Falls,G,7,,
8,Cedar Falls,C,8,,
8,Cedar Falls,D,9,,
8,Cedar Falls,F,9,,
8,Cedar Falls,F,10,,
9,Elmwood,A,2,,
9,Elmwood,A,3,,
9,Elmwood,E,3,,
9,Elmwood,C,4,,
9,Elmwood,D,4,,
9,Elmwood,F,4,,
9,Elmwood,F,5,,
9,Elmwood,C,6,,
9,Elmwood,A,7,,
9,Elmwood,D,7,,
9,Elmwood,E,7,,
9,Elmwood,D,8,,
9,Elmwood,E,8,,
9,Elmwood,F,8,,
9,Elmwood,D,9,,
9,Elmwood,C,10,,
9,Elmwood,F,10,,
10,Ashford,C,2,,
10,Ashford,B,3,,
10,Ashford,G,3,,
10,Ashford,F,4,,
10,Ashford,G,4,,
10,Ashford,C,5,,
10,Ashford,E,5,,
10,Ashford,F,5,,
10,Ashford,A,7,,
10,Ashford,B,7,,
10,Ashford,C,7,,
10,Ashford,D,7,,
10,Ashford,E,7,,
10,Ashford,G,7,,
10,Ashford,A,8,,
10,Ashford,D,8,,
10,Ashford,A,9,,
10,Ashford,D,9,,
10,Ashford,F,9,,
10,Ashford,B,10,,
10,Ashford,C,10,,
10,Ashford,F,10,,
11,Glenwood,D,1,,
11,Glenwood,F,1,,
11,Glenwood,B,2,,
11,Glenwood,C,2,,
11,Glenwood,G,2,,
11,Glenwood,B,3,,
11,Glenwood,D,3,,
11,Glenwood,G,3,,
11,Glenwood,C,4,,
11,Glenwood,B,5,,
11,Glenwood,E,5,,
11,Glenwood,G,5,,
11,Glenwood,D,6,,
11,Glenwood,F,6,,
11,Glenwood,C,7,,
11,Glenwood,F,8,,
12,Fox Hollow,D,1,,
12,Fox Hollow,E,1,,
12,Fox Hollow,G,1,,
12,Fox Hollow,E,2,,
12,Fox Hollow,F,3,,
12,Fox Hollow,A,4,,
12,Fox Hollow,D,4,,
12,Fox Hollow,B,5,,
12,Fox Hollow,D,5,,
12,Fox Hollow,A,6,,
12,Fox Hollow,C,6,,
12,Fox Hollow,D,6,,
12,Fox Hollow,E,6,,
12,Fox Hollow,F,6,,
12,Fox Hollow,A,7,,
12,Fox Hollow,C,7,,
12,Fox Hollow,E,7,,
12,Fox Hollow,G,7,,
12,Fox Hollow,E,8,,
12,Fox Hollow,G,8,,
12,Fox Hollow,E,9,,
12,Fox Hollow,A,10,,
12,Fox Hollow,C,10,,
12,Fox Hollow,D,10,,
12,Fox Hollow,E,10,,
12,Fox Hollow,F,10,,
12,Fox Hollow,G,10,,
13,Sunset Hills,F,1,,
13,Sunset Hills,A,2,,
13,Sunset Hills,C,2,,
13,Sunset Hills,G,2,,
13,Sunset Hills,D,3,,
13,Sunset Hills,E,3,,
13,Sunset Hills,A,4,,
13,Sunset Hills,C,4,,
13,Sunset Hills,E,4,,
13,Sunset Hills,F,4,,
13,Sunset Hills,D,5,,
13,Sunset Hills,D,6,,
13,Sunset Hills,A,7,,
13,Sunset Hills,B,8,,
13,Sunset Hills,D,8,,
13,Sunset Hills,B,9,,
13,Sunset Hills,D,9,,
13,Sunset Hills,A,10,,
13,Sunset Hills,B,10,,
13,Sunset Hills,C,10,,
14,Kingston,G,1,,
14,Kingston,C,2,,
14,Kingston,E,2,,
14,Kingston,F,2,,
14,Kingston,E,3,,
14,Kingston,G,3,,
14,Kingston,B,4,,
14,Kingston,E,4,,
14,Kingston,G,4,,
14,Kingston,A,5,,
14,Kingston,B,5,,
14,Kingston,E,5,,
14,Kingston,A,6,,
14,Kingston,C,6,,
14,Kingston,D,6,,
14,Kingston,E,6,,
14,Kingston,F,6,,
14,Kingston,G,6,,
14,Kingston,B,7,,
14,Kingston,G,7,,
14,Kingston,C,9,,
14,Kingston,B,10,,
15,Ironbridge,D,1,,
15,Ironbridge,F,3,,
15,Ironbridge,F,4,,
15,Ironbridge,C,5,,
15,Ironbridge,A,6,,
15,Ironbridge,C,6,,
15,Ironbridge,G,6,,
15,Ironbridge,B,7,,
15,Ironbridge,D,7,,
15,Ironbridge,B,8,,
15,Ironbridge,F,8,,
15,Ironbridge,G,8,,
15,Ironbridge,A,9,,
15,Ironbridge,C,10,,
15,Ironbridge,D,10,,
15,Ironbridge,E,10,,
16,Harborview,B,1,,
16,Harborview,D,1,,
16,Harborview,D,2,,
16,Harborview,G,2,,
16,Harborview,E,3,,
16,Harborview,A,4,,
16,Harborview,C,4,,
16,Harborview,E,5,,
16,Harborview,B,6,,
16,Harborview,D,6,,
16,Harborview,F,6,,
16,Harborview,G,6,,
16,Harborview,C,7,,
16,Harborview,D,7,,
16,Harborview,F,7,,
16,Harborview,F,8,,
16,Harborview,A,9,,
16,Harborview,B,9,,
16,Harborview,C,9,,
16,Harborview,F,9,,
16,Harborview,A,10,,
16,Harborview,G,10,,
17,Greenfield,B,1,,
17,Greenfield,E,1,,
17,Greenfield,G,1,,
17,Greenfield,A,2,,
17,Greenfield,B,3,,
17,Greenfield,D,3,,
17,Greenfield,F,3,,
17,Greenfield,G,3,,
17,Greenfield,C,4,,
17,Greenfield,D,4,,
17,Greenfield,A,5,,
17,Greenfield,B,5,,
17,Greenfield,D,5,,
17,Greenfield,A,6,,
17,Greenfield,E,6,,
17,Greenfield,G,7,,
17,Greenfield,C,8,,
17,Greenfield,E,8,,
17,Greenfield,B,9,,
17,Greenfield,F,9,,
17,Greenfield,B,10,,
17,Greenfield,F,10,,
17,Greenfield,G,10,,
18,Westgate,C,1,,
18,Westgate,F,1,,
18,Westgate,A,2,,
18,Westgate,C,2,,
18,Westgate,G,2,,
18,Westgate,E,3,,
18,Westgate,E,4,,
18,Westgate,A,6,,
18,Westgate,C,6,,
18,Westgate,A,7,,
18,Westgate,C,7,,
18,Westgate,D,7,,
18,Westgate,E,9,,
18,Westgate,F,9,,
18,Westgate,G,9,,
18,Westgate,C,10,,
19,Eastgate,C,1,,
19,Eastgate,C,2,,
19,Eastgate,G,2,,
19,Eastgate,A,3,,
19,Eastgate,D,3,,
19,Eastgate,B,4,,
19,Eastgate,G,4,,
19,Eastgate,E,5,,
19,Eastgate,G,5,,
19,Eastgate,C,6,,
19,Eastgate,B,7,,
19,Eastgate,C,7,,
19,Eastgate,D,7,,
19,Eastgate,E,7,,
19,Eastgate,F,7,,
19,Eastgate,C,8,,
19,Eastgate,B,9,,
19,Eastgate,C,9,,
19,Eastgate,F,9,,
19,Eastgate,A,10,,
19,Eastgate,C,10,,
19,Eastgate,D,10,,
19,Eastgate,E,10,,
19,Eastgate,F,10,,
20,Northvale,A,1,,
20,Northvale,F,1,,
20,Northvale,F,2,,
20,Northvale,C,3,,
20,Northvale,B,4,,
20,Northvale,E,4,,
20,Northvale,G,4,,
20,Northvale,A,5,,
20,Northvale,C,5,,
20,Northvale,E,6,,
20,Northvale,B,7,,
20,Northvale,D,7,,
20,Northvale,E,7,,
20,Northvale,C,8,,
20,Northvale,D,8,,
20,Northvale,F,8,,
20,Northvale,A,9,,
20,Northvale,B,9,,
20,Northvale,D,9,,
20,Northvale,A,10,,
20,Northvale,E,10,,
21,Southport,A,1,,
21,Southport,B,1,,
21,Southport,F,1,,
21,Southport,E,2,,
21,Southport,D,3,,
21,Southport,F,3,,
21,Southport,A,4,,
21,Southport,C,4,,
21,Southport,D,4,,
21,Southport,E,4,,
21,Southport,B,5,,
21,Southport,F,5,,
21,Southport,G,5,,
21,Southport,D,6,,
21,Southport,A,7,,
21,Southport,C,7,,
21,Southport,A,8,,
21,Southport,B,8,,
21,Southport,A,9,,
21,Southport,D,9,,
21,Southport,A,10,,
21,Southport,B,10,,
21,Southport,D,10,,
21,Southport,E,10,,
22,Bayside,G,1,,
22,Bayside,A,2,,
22,Bayside,F,3,,
22,Bayside,A,4,,
22,Bayside,E,4,,
22,Bayside,D,5,,
22,Bayside,G,5,,
22,Bayside,B,7,,
22,Bayside,D,7,,
22,Bayside,A,8,,
22,Bayside,D,8,,
22,Bayside,C,9,,
22,Bayside,D,9,,
22,Bayside,F,9,,
22,Bayside,C,10,,
22,Bayside,F,10,,
23,Brookside,B,1,,
23,Brookside,C,1,,
23,Brookside,D,1,,
23,Brookside,G,1,,
23,Brookside,D,2,,
23,Brookside,D,3,,
23,Brookside,A,4,,
23,Brookside,B,4,,
23,Brookside,E,4,,
23,Brookside,F,4,,
23,Brookside,G,4,,
23,Brookside,B,5,,
23,Brookside,E,5,,
23,Brookside,B,6,,
23,Brookside,F,6,,
23,Brookside,B,7,,
23,Brookside,D,7,,
23,Brookside,E,7,,
23,Brookside,F,7,,
23,Brookside,G,7,,
23,Brookside,F,8,,
23,Brookside,D,9,,
23,Brookside,A,10,,
24,Pinecrest,C,1,,
24,Pinecrest,D,1,,
24,Pinecrest,E,1,,
24,Pinecrest,F,1,,
24,Pinecrest,C,2,,
24,Pinecrest,B,3,,
24,Pinecrest,D,3,,
24,Pinecrest,E,3,,
24,Pinecrest,C,4,,
24,Pinecrest,D,4,,
24,Pinecrest,G,4,,
24,Pinecrest,D,5,,
24,Pinecrest,E,5,,
24,Pinecrest,G,5,,
24,Pinecrest,E,6,,
24,Pinecrest,B,7,,
24,Pinecrest,E,7,,
24,Pinecrest,F,7,,
24,Pinecrest,E,8,,
24,Pinecrest,C,9,,
24,Pinecrest,E,9,,
24,Pinecrest,D,10,,
24,Pinecrest,G,10,,
25,Stonebridge,B,1,,
25,Stonebridge,D,1,,
25,Stonebridge,E,1,,
25,Stonebridge,F,1,,
25,Stonebridge,A,2,,
25,Stonebridge,F,2,,
25,Stonebridge,G,2,,
25,Stonebridge,F,3,,
25,Stonebridge,A,4,,
25,Stonebridge,C,5,,
25,Stonebridge,F,5,,
25,Stonebridge,G,5,,
25,Stonebridge,A,6,,
25,Stonebridge,D,6,,
25,Stonebridge,G,6,,
25,Stonebridge,B,8,,
25,Stonebridge,E,8,,
25,Stonebridge,B,9,,
25,Stonebridge,C,9,,
25,Stonebridge,E,9,,
25,Stonebridge,G,9,,
25,Stonebridge,E,10,,
25,Stonebridge,F,10,,
25,Stonebridge,G,10,,
26,Meadow Park,C,1,,
26,Meadow Park,F,1,,
26,Meadow Park,B,2,,
26,Meadow Park,D,2,,
26,Meadow Park,A,3,,
26,Meadow Park,C,3,,
26,Meadow Park,D,3,,
26,Meadow Park,F,3,,
26,Meadow Park,G,3,,
26,Meadow Park,A,4,,
26,Meadow Park,C,4,,
26,Meadow Park,F,4,,
26,Meadow Park,A,5,,
26,Meadow Park,B,5,,
26,Meadow Park,C,5,,
26,Meadow Park,D,5,,
26,Meadow Park,D,6,,
26,Meadow Park,E,6,,
26,Meadow Park,F,6,,
26,Meadow Park,B,7,,
26,Meadow Park,F,7,,
26,Meadow Park,A,8,,
26,Meadow Park,C,8,,
26,Meadow Park,F,8,,
26,Meadow Park,G,9,,
26,Meadow Park,C,10,,
26,Meadow Park,F,10,,
27,Silver Lake,G,1,,
27,Silver Lake,G,2,,
27,Silver Lake,D,3,,
27,Silver Lake,F,3,,
27,Silver Lake,B,4,,
27,Silver Lake,D,5,,
27,Silver Lake,G,5,,
27,Silver Lake,B,6,,
27,Silver Lake,F,6,,
27,Silver Lake,E,7,,
27,Silver Lake,G,7,,
27,Silver Lake,A,8,,
27,Silver Lake,C,8,,
27,Silver Lake,F,8,,
27,Silver Lake,G,8,,
27,Silver Lake,B,9,,
27,Silver Lake,C,9,,
27,Silver Lake,D,9,,
27,Silver Lake,E,9,,
27,Silver Lake,B,10,,
27,Silver Lake,D,10,,
28,Redwood,D,1,,
28,Redwood,E,1,,
28,Redwood,E,2,,
28,Redwood,C,3,,
28,Redwood,E,3,,
28,Redwood,G,4,,
28,Redwood,A,5,,
28,Redwood,F,5,,
28,Redwood,B,6,,
28,Redwood,D,6,,
28,Redwood,F,6,,
28,Redwood,C,7,,
28,Redwood,G,7,,
28,Redwood,A,8,,
28,Redwood,F,8,,
28,Redwood,A,9,,
28,Redwood,F,9,,
28,Redwood,C,10,,
28,Redwood,D,10,,
28,Redwood,E,10,,
29,Willow Creek,F,1,,
29,Willow Creek,B,2,,
29,Willow Creek,G,2,,
29,Willow Creek,A,3,,
29,Willow Creek,C,4,,
29,Willow Creek,F,4,,
29,Willow Creek,B,5,,
29,Willow Creek,C,5,,
29,Willow Creek,E,5,,
29,Willow Creek,F,5,,
29,Willow Creek,G,5,,
29,Willow Creek,C,6,,
29,Willow Creek,E,6,,
29,Willow Creek,G,6,,
29,Willow Creek,A,7,,
29,Willow Creek,C,7,,
29,Willow Creek,F,7,,
29,Willow Creek,G,7,,
29,Willow Creek,A,8,,
29,Willow Creek,E,8,,
29,Willow Creek,A,9,,
29,Willow Creek,D,9,,
29,Willow Creek,E,9,,
29,Willow Creek,E,10,,
29,Willow Creek,F,10,,
30,Hillcrest,D,2,,
30,Hillcrest,B,3,,
30,Hillcrest,D,3,,
30,Hillcrest,F,4,,
30,Hillcrest,G,4,,
30,Hillcrest,B,5,,
30,Hillcrest,E,5,,
30,Hillcrest,B,6,,
30,Hillcrest,D,6,,
30,Hillcrest,E,6,,
30,Hillcrest,F,6,,
30,Hillcrest,E,7,,
30,Hillcrest,D,8,,
30,Hillcrest,F,8,,
30,Hillcrest,G,8,,
30,Hillcrest,C,9,,
30,Hillcrest,D,9,,
30,Hillcrest,F,9,,
30,Hillcrest,A,10,,
31,Lakeview,C,1,,
31,Lakeview,G,2,,
31,Lakeview,B,3,,
31,Lakeview,C,3,,
31,Lakeview,F,3,,
31,Lakeview,D,4,,
31,Lakeview,G,5,,
31,Lakeview,B,6,,
31,Lakeview,C,6,,
31,Lakeview,D,7,,
31,Lakeview,G,7,,
31,Lakeview,A,8,,
31,Lakeview,B,8,,
31,Lakeview,E,8,,
31,Lakeview,C,9,,
31,Lakeview,G,9,,
32,Rosewood,A,1,,
32,Rosewood,F,1,,
32,Rosewood,B,2,,
32,Rosewood,F,2,,
32,Rosewood,G,2,,
32,Rosewood,D,3,,
32,Rosewood,E,3,,
32,Rosewood,B,4,,
32,Rosewood,C,4,,
32,Rosewood,G,4,,
32,Rosewood,B,5,,
32,Rosewood,E,5,,
32,Rosewood,G,5,,
32,Rosewood,F,6,,
32,Rosewood,B,7,,
32,Rosewood,E,7,,
32,Rosewood,C,8,,
32,Rosewood,E,8,,
32,Rosewood,C,9,,
32,Rosewood,A,10,,
33,Grandview,B,1,,
33,Grandview,F,1,,
33,Grandview,G,1,,
33,Grandview,G,2,,
33,Grandview,D,3,,
33,Grandview,C,4,,
33,Grandview,G,4,,
33,Grandview,A,5,,
33,Grandview,B,5,,
33,Grandview,C,5,,
33,Grandview,F,5,,
33,Grandview,G,5,,
33,Grandview,E,6,,
33,Grandview,G,6,,
33,Grandview,B,7,,
33,Grandview,D,7,,
33,Grandview,A,8,,
33,Grandview,B,8,,
33,Grandview,E,8,,
33,Grandview,C,9,,
33,Grandview,E,9,,
33,Grandview,G,9,,
33,Grandview,A,10,,
33,Grandview,E,10,,
33,Grandview,F,10,,
33,Grandview,G,10,,
34,Woodland,C,2,,
34,Woodland,B,4,,
34,Woodland,F,4,,
34,Woodland,A,5,,
34,Woodland,G,5,,
34,Woodland,B,6,,
34,Woodland,C,6,,
34,Woodland,C,7,,
34,Woodland,D,7,,
34,Woodland,A,8,,
34,Woodland,B,8,,
34,Woodland,E,8,,
34,Woodland,F,8,,
34,Woodland,B,9,,
34,Woodland,C,9,,
34,Woodland,D,9,,
34,Woodland,A,10,,
34,Woodland,B,10,,
34,Woodland,G,10,,
35,Crestwood,A,1,,
35,Crestwood,B,1,,
35,Crestwood,A,2,,
35,Crestwood,G,2,,
35,Crestwood,E,3,,
35,Crestwood,B,4,,
35,Crestwood,C,5,,
35,Crestwood,D,6,,
35,Crestwood,E,6,,
35,Crestwood,B,7,,
35,Crestwood,C,7,,
35,Crestwood,D,7,,
35,Crestwood,E,7,,
35,Crestwood,A,8,,
35,Crestwood,D,8,,
35,Crestwood,G,8,,
35,Crestwood,B,9,,
35,Crestwood,D,9,,
35,Crestwood,E,9,,
35,Crestwood,D,10,,
36,Riverbend,E,1,,
36,Riverbend,F,1,,
36,Riverbend,B,3,,
36,Riverbend,G,3,,
36,Riverbend,C,4,,
36,Riverbend,B,5,,
36,Riverbend,D,5,,
36,Riverbend,F,5,,
36,Riverbend,G,5,,
36,Riverbend,C,6,,
36,Riverbend,F,6,,
36,Riverbend,D,7,,
36,Riverbend,A,8,,
36,Riverbend,C,9,,
36,Riverbend,C,10,,
36,Riverbend,D,10,,
37,Springfield,B,1,,
37,Springfield,G,1,,
37,Springfield,B,2,,
37,Springfield,E,2,,
37,Springfield,G,3,,
37,Springfield,B,4,,
37,Springfield,D,4,,
37,Springfield,G,4,,
37,Springfield,A,5,,
37,Springfield,D,5,,
37,Springfield,A,6,,
37,Springfield,D,6,,
37,Springfield,A,7,,
37,Springfield,B,7,,
37,Springfield,D,7,,
37,Springfield,E,7,,
37,Springfield,C,8,,
37,Springfield,B,9,,
37,Springfield,D,9,,
37,Springfield,E,9,,
37,Springfield,F,9,,
37,Springfield,G,9,,
37,Springfield,B,10,,
37,Springfield,C,10,,
38,Clearwater,D,1,,
38,Clearwater,E,1,,
38,Clearwater,G,1,,
38,Clearwater,A,2,,
38,Clearwater,B,2,,
38,Clearwater,F,3,,
38,Clearwater,G,3,,
38,Clearwater,F,4,,
38,Clearwater,G,4,,
38,Clearwater,A,5,,
38,Clearwater,C,5,,
38,Clearwater,F,5,,
38,Clearwater,B,6,,
38,Clearwater,D,6,,
38,Clearwater,C,7,,
38,Clearwater,F,7,,
38,Clearwater,G,7,,
38,Clearwater,A,8,,
38,Clearwater,G,8,,
38,Clearwater,A,9,,
38,Clearwater,C,9,,
38,Clearwater,G,9,,
39,Summit Ridge,A,1,,
39,Summit Ridge,B,2,,
39,Summit Ridge,C,2,,
39,Summit Ridge,E,2,,
39,Summit Ridge,B,3,,
39,Summit Ridge,D,3,,
39,Summit Ridge,E,3,,
39,Summit Ridge,F,3,,
39,Summit Ridge,B,4,,
39,Summit Ridge,F,5,,
39,Summit Ridge,G,5,,
39,Summit Ridge,C,6,,
39,Summit Ridge,F,6,,
39,Summit Ridge,C,7,,
39,Summit Ridge,E,7,,
39,Summit Ridge,F,7,,
39,Summit Ridge,A,8,,
39,Summit Ridge,E,8,,
39,Summit Ridge,G,8,,
39,Summit Ridge,B,9,,
39,Summit Ridge,C,9,,
39,Summit Ridge,D,9,,
39,Summit Ridge,E,9,,
39,Summit Ridge,F,9,,
39,Summit Ridge,C,10,,
39,Summit Ridge,D,10,,
39,Summit Ridge,E,10,,
39,Summit Ridge,G,10,,
40,Millstone,F,1,,
40,Millstone,B,2,,
40,Millstone,C,2,,
40,Millstone,E,2,,
40,Millstone,G,2,,
40,Millstone,C,3,,
40,Millstone,G,3,,
40,Millstone,B,4,,
40,Millstone,C,5,,
40,Millstone,D,5,,
40,Millstone,E,5,,
40,Millstone,F,5,,
40,Millstone,A,6,,
40,Millstone,D,6,,
40,Millstone,F,6,,
40,Millstone,G,6,,
40,Millstone,D,7,,
40,Millstone,F,7,,
40,Millstone,B,8,,
40,Millstone,F,8,,
40,Millstone,A,10,,
40,Millstone,B,10,,
40,Millstone,C,10,,
40,Millstone,D,10,,
40,Millstone,E,10,,
40,Millstone,G,10,,
41,Brighton,G,1,,
41,Brighton,F,2,,
41,Brighton,G,2,,
41,Brighton,D,3,,
41,Brighton,F,3,,
41,Brighton,A,4,,
41,Brighton,D,4,,
41,Brighton,B,5,,
41,Brighton,F,5,,
41,Brighton,A,6,,
41,Brighton,C,6,,
41,Brighton,E,6,,
41,Brighton,F,6,,
41,Brighton,B,7,,
41,Brighton,E,7,,
41,Brighton,F,7,,
41,Brighton,E,8,,
41,Brighton,C,9,,
41,Brighton,E,10,,
41,Brighton,F,10,,
42,Westbrook,F,1,,
42,Westbrook,A,2,,
42,Westbrook,A,3,,
42,Westbrook,D,3,,
42,Westbrook,B,4,,
42,Westbrook,C,5,,
42,Westbrook,G,5,,
42,Westbrook,G,6,,
42,Westbrook,E,7,,
42,Westbrook,G,7,,
42,Westbrook,E,8,,
42,Westbrook,G,8,,
42,Westbrook,E,9,,
42,Westbrook,B,10,,
42,Westbrook,E,10,,
42,Westbrook,F,10,,
42,Westbrook,G,10,,
43,Eastbrook,A,1,,
43,Eastbrook,C,1,,
43,Eastbrook,F,1,,
43,Eastbrook,C,2,,
43,Eastbrook,E,2,,
43,Eastbrook,G,2,,
43,Eastbrook,A,4,,
43,Eastbrook,B,4,,
43,Eastbrook,F,4,,
43,Eastbrook,E,5,,
43,Eastbrook,B,6,,
43,Eastbrook,C,6,,
43,Eastbrook,G,6,,
43,Eastbrook,G,7,,
43,Eastbrook,A,9,,
43,Eastbrook,B,9,,
43,Eastbrook,C,9,,
43,Eastbrook,E,10,,
44,Northgate,B,1,,
44,Northgate,D,1,,
44,Northgate,A,2,,
44,Northgate,C,2,,
44,Northgate,F,2,,
44,Northgate,G,3,,
44,Northgate,C,4,,
44,Northgate,G,4,,
44,Northgate,C,5,,
44,Northgate,D,5,,
44,Northgate,A,6,,
44,Northgate,B,6,,
44,Northgate,C,6,,
44,Northgate,D,6,,
44,Northgate,F,6,,
44,Northgate,A,7,,
44,Northgate,D,7,,
44,Northgate,F,7,,
44,Northgate,F,8,,
44,Northgate,G,8,,
44,Northgate,A,9,,
44,Northgate,C,9,,
44,Northgate,E,9,,
44,Northgate,F,9,,
44,Northgate,G,9,,
44,Northgate,A,10,,
45,Southgate,A,2,,
45,Southgate,D,2,,
45,Southgate,F,2,,
45,Southgate,G,2,,
45,Southgate,C,3,,
45,Southgate,E,3,,
45,Southgate,B,4,,
45,Southgate,C,4,,
45,Southgate,D,4,,
45,Southgate,F,4,,
45,Southgate,D,5,,
45,Southgate,E,6,,
45,Southgate,A,7,,
45,Southgate,B,7,,
45,Southgate,C,7,,
45,Southgate,E,7,,
45,Southgate,A,8,,
45,Southgate,B,8,,
45,Southgate,A,9,,
45,Southgate,C,9,,
45,Southgate,B,10,,
45,Southgate,D,10,,
45,Southgate,E,10,,
46,Kingsley,A,1,,
46,Kingsley,B,1,,
46,Kingsley,B,2,,
46,Kingsley,D,2,,
46,Kingsley,E,2,,
46,Kingsley,A,3,,
46,Kingsley,B,3,,
46,Kingsley,C,3,,
46,Kingsley,B,4,,
46,Kingsley,E,4,,
46,Kingsley,F,4,,
46,Kingsley,G,4,,
46,Kingsley,A,5,,
46,Kingsley,C,5,,
46,Kingsley,E,5,,
46,Kingsley,F,5,,
46,Kingsley,A,6,,
46,Kingsley,G,6,,
46,Kingsley,A,7,,
46,Kingsley,B,7,,
46,Kingsley,C,7,,
46,Kingsley,D,7,,
46,Kingsley,F,7,,
46,Kingsley,A,8,,
46,Kingsley,D,8,,
46,Kingsley,G,8,,
46,Kingsley,E,9,,
46,Kingsley,A,10,,
46,Kingsley,C,10,,
46,Kingsley,G,10,,
47,Queensbridge,D,1,,
47,Queensbridge,C,2,,
47,Queensbridge,D,2,,
47,Queensbridge,A,3,,
47,Queensbridge,B,3,,
47,Queensbridge,E,3,,
47,Queensbridge,A,4,,
47,Queensbridge,B,5,,
47,Queensbridge,C,5,,
47,Queensbridge,D,5,,
47,Queensbridge,E,5,,
47,Queensbridge,C,6,,
47,Queensbridge,D,6,,
47,Queensbridge,F,6,,
47,Queensbridge,A,7,,
47,Queensbridge,C,7,,
47,Queensbridge,D,7,,
47,Queensbridge,E,7,,
47,Queensbridge,G,7,,
47,Queensbridge,A,8,,
47,Queensbridge,F,8,,
47,Queensbridge,F,9,,
47,Queensbridge,G,10,,
48,Hawthorne,D,1,,
48,Hawthorne,E,1,,
48,Hawthorne,G,1,,
48,Hawthorne,B,2,,
48,Hawthorne,C,2,,
48,Hawthorne,E,2,,
48,Hawthorne,G,2,,
48,Hawthorne,C,3,,
48,Hawthorne,G,3,,
48,Hawthorne,B,4,,
48,Hawthorne,C,4,,
48,Hawthorne,G,4,,
48,Hawthorne,C,5,,
48,Hawthorne,D,5,,
48,Hawthorne,G,5,,
48,Hawthorne,B,6,,
48,Hawthorne,E,7,,
48,Hawthorne,G,7,,
48,Hawthorne,B,8,,
48,Hawthorne,B,9,,
48,Hawthorne,G,9,,
48,Hawthorne,B,10,,
49,Cypress Point,E,1,,
49,Cypress Point,F,1,,
49,Cypress Point,G,1,,
49,Cypress Point,A,2,,
49,Cypress Point,E,2,,
49,Cypress Point,G,2,,
49,Cypress Point,E,3,,
49,Cypress Point,B,4,,
49,Cypress Point,C,4,,
49,Cypress Point,D,4,,
49,Cypress Point,C,5,,
49,Cypress Point,F,6,,
49,Cypress Point,A,7,,
49,Cypress Point,F,8,,
49,Cypress Point,D,9,,
49,Cypress Point,G,10,,
50,Magnolia,A,1,,
50,Magnolia,B,1,,
50,Magnolia,C,1,,
50,Magnolia,E,1,,
50,Magnolia,C,2,,
50,Magnolia,D,2,,
50,Magnolia,F,2,,
50,Magnolia,G,2,,
50,Magnolia,A,3,,
50,Magnolia,C,3,,
50,Magnolia,G,3,,
50,Magnolia,D,4,,
50,Magnolia,F,4,,
50,Magnolia,G,4,,
50,Magnolia,D,5,,
50,Magnolia,A,6,,
50,Magnolia,B,6,,
50,Magnolia,E,6,,
50,Magnolia,A,7,,
50,Magnolia,B,8,,
50,Magnolia,C,8,,
50,Magnolia,D,8,,
50,Magnolia,E,8,,
50,Magnolia,F,8,,
50,Magnolia,D,9,,
50,Magnolia,C,10,,
51,Evergreen,C,1,,
51,Evergreen,E,1,,
51,Evergreen,A,2,,
51,Evergreen,B,2,,
51,Evergreen,C,2,,
51,Evergreen,D,2,,
51,Evergreen,A,3,,
51,Evergreen,C,3,,
51,Evergreen,D,3,,
51,Evergreen,G,4,,
51,Evergreen,F,6,,
51,Evergreen,C,7,,
51,Evergreen,C,8,,
51,Evergreen,F,8,,
51,Evergreen,C,10,,
51,Evergreen,G,10,,
52,Whitehall,B,1,,
52,Whitehall,C,1,,
52,Whitehall,F,1,,
52,Whitehall,F,2,,
52,Whitehall,G,2,,
52,Whitehall,C,3,,
52,Whitehall,D,3,,
52,Whitehall,A,4,,
52,Whitehall,C,5,,
52,Whitehall,D,5,,
52,Whitehall,E,5,,
52,Whitehall,B,6,,
52,Whitehall,C,6,,
52,Whitehall,F,6,,
52,Whitehall,E,7,,
52,Whitehall,A,8,,
52,Whitehall,A,9,,
52,Whitehall,B,9,,
52,Whitehall,C,9,,
52,Whitehall,D,9,,
52,Whitehall,A,10,,
52,Whitehall,E,10,,
52,Whitehall,G,10,,
53,Blackstone,C,1,,
53,Blackstone,A,2,,
53,Blackstone,D,2,,
53,Blackstone,C,3,,
53,Blackstone,G,3,,
53,Blackstone,B,4,,
53,Blackstone,C,5,,
53,Blackstone,E,5,,
53,Blackstone,A,7,,
53,Blackstone,C,7,,
53,Blackstone,E,7,,
53,Blackstone,B,8,,
53,Blackstone,F,8,,
53,Blackstone,B,9,,
53,Blackstone,D,9,,
53,Blackstone,G,9,,
54,Greyhaven,A,1,,
54,Greyhaven,C,1,,
54,Greyhaven,D,2,,
54,Greyhaven,C,3,,
54,Greyhaven,F,3,,
54,Greyhaven,E,5,,
54,Greyhaven,G,5,,
54,Greyhaven,A,6,,
54,Greyhaven,D,6,,
54,Greyhaven,E,6,,
54,Greyhaven,F,6,,
54,Greyhaven,G,6,,
54,Greyhaven,D,7,,
54,Greyhaven,E,7,,
54,Greyhaven,F,8,,
54,Greyhaven,E,9,,
54,Greyhaven,B,10,,
54,Greyhaven,E,10,,
54,Greyhaven,G,10,,
55,Bellwood,A,1,,
55,Bellwood,E,1,,
55,Bellwood,G,1,,
55,Bellwood,B,2,,
55,Bellwood,E,2,,
55,Bellwood,A,3,,
55,Bellwood,D,3,,
55,Bellwood,A,4,,
55,Bellwood,B,4,,
55,Bellwood,C,4,,
55,Bellwood,D,4,,
55,Bellwood,E,4,,
55,Bellwood,F,4,,
55,Bellwood,G,4,,
55,Bellwood,D,5,,
55,Bellwood,F,5,,
55,Bellwood,D,6,,
55,Bellwood,F,6,,
55,Bellwood,A,7,,
55,Bellwood,B,7,,
55,Bellwood,B,8,,
55,Bellwood,E,8,,
55,Bellwood,E,9,,
55,Bellwood,B,10,,
55,Bellwood,E,10,,
56,Kingswood,F,1,,
56,Kingswood,G,1,,
56,Kingswood,A,2,,
56,Kingswood,D,2,,
56,Kingswood,E,2,,
56,Kingswood,G,2,,
56,Kingswood,A,3,,
56,Kingswood,C,3,,
56,Kingswood,G,3,,
56,Kingswood,A,4,,
56,Kingswood,D,4,,
56,Kingswood,G,4,,
56,Kingswood,A,5,,
56,Kingswood,A,6,,
56,Kingswood,E,6,,
56,Kingswood,B,7,,
56,Kingswood,F,7,,
56,Kingswood,G,8,,
56,Kingswood,E,9,,
56,Kingswood,B,10,,
56,Kingswood,C,10,,
56,Kingswood,D,10,,
56,Kingswood,F,10,,
56,Kingswood,G,10,,
57,Westhaven,C,1,,
57,Westhaven,D,1,,
57,Westhaven,F,2,,
57,Westhaven,C,3,,
57,Westhaven,C,4,,
57,Westhaven,D,4,,
57,Westhaven,A,5,,
57,Westhaven,B,5,,
57,Westhaven,D,5,,
57,Westhaven,G,5,,
57,Westhaven,A,6,,
57,Westhaven,B,6,,
57,Westhaven,D,6,,
57,Westhaven,G,6,,
57,Westhaven,C,7,,
57,Westhaven,D,8,,
57,Westhaven,E,8,,
57,Westhaven,G,8,,
57,Westhaven,E,9,,
57,Westhaven,F,9,,
57,Westhaven,E,10,,
57,Westhaven,F,10,,
57,Westhaven,G,10,,
58,Eastwood,B,1,,
58,Eastwood,E,1,,
58,Eastwood,F,1,,
58,Eastwood,C,2,,
58,Eastwood,A,3,,
58,Eastwood,B,3,,
58,Eastwood,C,3,,
58,Eastwood,E,3,,
58,Eastwood,A,4,,
58,Eastwood,D,4,,
58,Eastwood,E,4,,
58,Eastwood,B,5,,
58,Eastwood,E,5,,
58,Eastwood,F,5,,
58,Eastwood,A,6,,
58,Eastwood,B,6,,
58,Eastwood,D,6,,
58,Eastwood,F,6,,
58,Eastwood,A,7,,
58,Eastwood,F,7,,
58,Eastwood,G,7,,
58,Eastwood,E,8,,
58,Eastwood,F,8,,
58,Eastwood,B,9,,
58,Eastwood,C,9,,
58,Eastwood,G,9,,
58,Eastwood,E,10,,
58,Eastwood,F,10,,
59,Northwood,D,1,,
59,Northwood,C,2,,
59,Northwood,B,3,,
59,Northwood,C,4,,
59,Northwood,D,4,,
59,Northwood,G,4,,
59,Northwood,C,5,,
59,Northwood,D,5,,
59,Northwood,F,5,,
59,Northwood,F,6,,
59,Northwood,D,7,,
59,Northwood,F,7,,
59,Northwood,C,8,,
59,Northwood,D,8,,
59,Northwood,E,8,,
59,Northwood,C,9,,
59,Northwood,E,9,,
59,Northwood,B,10,,
59,Northwood,G,10,,
60,Southwood,B,2,,
60,Southwood,C,2,,
60,Southwood,G,2,,
60,Southwood,A,3,,
60,Southwood,E,3,,
60,Southwood,B,5,,
60,Southwood,E,6,,
60,Southwood,F,6,,
60,Southwood,B,7,,
60,Southwood,E,7,,
60,Southwood,F,7,,
60,Southwood,F,8,,
60,Southwood,A,9,,
60,Southwood,D,9,,
60,Southwood,E,9,,
60,Southwood,F,9,,
61,Ridgeview,A,1,,
61,Ridgeview,F,1,,
61,Ridgeview,G,1,,
61,Ridgeview,A,2,,
61,Ridgeview,B,2,,
61,Ridgeview,F,2,,
61,Ridgeview,G,2,,
61,Ridgeview,A,3,,
61,Ridgeview,D,3,,
61,Ridgeview,F,3,,
61,Ridgeview,G,3,,
61,Ridgeview,B,4,,
61,Ridgeview,C,4,,
61,Ridgeview,D,5,,
61,Ridgeview,G,5,,
61,Ridgeview,B,6,,
61,Ridgeview,C,6,,
61,Ridgeview,G,6,,
61,Ridgeview,A,7,,
61,Ridgeview,D,7,,
61,Ridgeview,C,8,,
61,Ridgeview,E,8,,
61,Ridgeview,F,8,,
61,Ridgeview,C,9,,
61,Ridgeview,F,9,,
61,Ridgeview,G,9,,
61,Ridgeview,A,10,,
61,Ridgeview,B,10,,
61,Ridgeview,D,10,,
62,Valley Park,B,1,,
62,Valley Park,E,1,,
62,Valley Park,G,1,,
62,Valley Park,B,2,,
62,Valley Park,E,2,,
62,Valley Park,C,3,,
62,Valley Park,F,3,,
62,Valley Park,G,3,,
62,Valley Park,A,4,,
62,Valley Park,C,4,,
62,Valley Park,A,5,,
62,Valley Park,C,5,,
62,Valley Park,F,5,,
62,Valley Park,B,6,,
62,Valley Park,C,7,,
62,Valley Park,D,7,,
62,Valley Park,A,8,,
62,Valley Park,C,8,,
62,Valley Park,A,9,,
62,Valley Park,D,9,,
62,Valley Park,E,9,,
62,Valley Park,G,10,,
63,Forest Hill,E,1,,
63,Forest Hill,F,1,,
63,Forest Hill,F,2,,
63,Forest Hill,G,2,,
63,Forest Hill,A,3,,
63,Forest Hill,B,3,,
63,Forest Hill,E,3,,
63,Forest Hill,F,4,,
63,Forest Hill,G,5,,
63,Forest Hill,A,6,,
63,Forest Hill,B,6,,
63,Forest Hill,C,6,,
63,Forest Hill,E,6,,
63,Forest Hill,F,6,,
63,Forest Hill,B,7,,
63,Forest Hill,D,7,,
63,Forest Hill,F,7,,
63,Forest Hill,G,7,,
63,Forest Hill,E,9,,
63,Forest Hill,G,9,,
63,Forest Hill,A,10,,
63,Forest Hill,C,10,,
64,Morningside,A,1,,
64,Morningside,E,1,,
64,Morningside,A,2,,
64,Morningside,E,3,,
64,Morningside,G,4,,
64,Morningside,C,5,,
64,Morningside,D,5,,
64,Morningside,E,5,,
64,Morningside,F,5,,
64,Morningside,B,7,,
64,Morningside,C,7,,
64,Morningside,F,7,,
64,Morningside,D,8,,
64,Morningside,G,8,,
64,Morningside,B,9,,
64,Morningside,C,9,,
64,Morningside,F,9,,
64,Morningside,G,9,,
65,Parkside,A,2,,
65,Parkside,E,2,,
65,Parkside,G,2,,
65,Parkside,B,4,,
65,Parkside,B,5,,
65,Parkside,E,5,,
65,Parkside,B,6,,
65,Parkside,G,6,,
65,Parkside,B,7,,
65,Parkside,F,7,,
65,Parkside,G,7,,
65,Parkside,A,9,,
65,Parkside,B,9,,
65,Parkside,D,9,,
65,Parkside,D,10,,
65,Parkside,G,10,,
66,Seaview,B,2,,
66,Seaview,E,2,,
66,Seaview,F,2,,
66,Seaview,G,2,,
66,Seaview,A,4,,
66,Seaview,B,4,,
66,Seaview,A,5,,
66,Seaview,B,5,,
66,Seaview,C,5,,
66,Seaview,D,5,,
66,Seaview,E,5,,
66,Seaview,G,5,,
66,Seaview,B,6,,
66,Seaview,D,6,,
66,Seaview,F,6,,
66,Seaview,C,7,,
66,Seaview,D,7,,
66,Seaview,B,8,,
66,Seaview,C,8,,
66,Seaview,A,10,,
66,Seaview,E,10,,
66,Seaview,G,10,,
67,Bayview,B,1,,
67,Bayview,D,1,,
67,Bayview,F,1,,
67,Bayview,G,1,,
67,Bayview,B,2,,
67,Bayview,G,2,,
67,Bayview,B,3,,
67,Bayview,C,3,,
67,Bayview,E,3,,
67,Bayview,B,4,,
67,Bayview,E,4,,
67,Bayview,F,4,,
67,Bayview,G,4,,
67,Bayview,C,5,,
67,Bayview,D,5,,
67,Bayview,G,5,,
67,Bayview,A,6,,
67,Bayview,B,6,,
67,Bayview,C,6,,
67,Bayview,F,6,,
67,Bayview,E,7,,
67,Bayview,B,8,,
67,Bayview,C,8,,
67,Bayview,D,8,,
67,Bayview,G,8,,
67,Bayview,E,9,,
67,Bayview,G,9,,
67,Bayview,B,10,,
67,Bayview,F,10,,
68,Riverton,C,1,,
68,Riverton,C,2,,
68,Riverton,F,2,,
68,Riverton,B,3,,
68,Riverton,D,3,,
68,Riverton,A,4,,
68,Riverton,G,4,,
68,Riverton,D,5,,
68,Riverton,F,5,,
68,Riverton,G,5,,
68,Riverton,C,6,,
68,Riverton,E,6,,
68,Riverton,F,6,,
68,Riverton,A,7,,
68,Riverton,C,7,,
68,Riverton,G,9,,
68,Riverton,D,10,,
68,Riverton,F,10,,
69,Wellington,B,1,,
69,Wellington,C,1,,
69,Wellington,G,1,,
69,Wellington,E,2,,
69,Wellington,F,2,,
69,Wellington,G,2,,
69,Wellington,B,4,,
69,Wellington,F,5,,
69,Wellington,A,6,,
69,Wellington,F,6,,
69,Wellington,G,7,,
69,Wellington,A,8,,
69,Wellington,C,8,,
69,Wellington,C,9,,
69,Wellington,B,10,,
69,Wellington,D,10,,
70,Lexington,E,1,,
70,Lexington,G,1,,
70,Lexington,D,2,,
70,Lexington,E,2,,
70,Lexington,F,2,,
70,Lexington,A,3,,
70,Lexington,F,3,,
70,Lexington,A,4,,
70,Lexington,D,5,,
70,Lexington,E,5,,
70,Lexington,G,5,,
70,Lexington,E,6,,
70,Lexington,D,7,,
70,Lexington,C,8,,
70,Lexington,G,8,,
70,Lexington,E,9,,
70,Lexington,F,9,,
70,Lexington,G,9,,
71,Hamilton,A,2,,
71,Hamilton,E,4,,
71,Hamilton,A,5,,
71,Hamilton,C,5,,
71,Hamilton,D,5,,
71,Hamilton,E,5,,
71,Hamilton,A,6,,
71,Hamilton,C,7,,
71,Hamilton,D,7,,
71,Hamilton,G,7,,
71,Hamilton,A,8,,
71,Hamilton,D,9,,
71,Hamilton,E,9,,
71,Hamilton,G,9,,
71,Hamilton,B,10,,
71,Hamilton,D,10,,
71,Hamilton,G,10,,
72,Madison,A,1,,
72,Madison,F,1,,
72,Madison,A,2,,
72,Madison,B,2,,
72,Madison,C,2,,
72,Madison,E,2,,
72,Madison,F,2,,
72,Madison,B,3,,
72,Madison,C,3,,
72,Madison,E,3,,
72,Madison,B,4,,
72,Madison,C,4,,
72,Madison,D,5,,
72,Madison,D,6,,
72,Madison,F,6,,
72,Madison,G,6,,
72,Madison,A,7,,
72,Madison,B,7,,
72,Madison,E,7,,
72,Madison,G,7,,
72,Madison,A,8,,
72,Madison,F,8,,
72,Madison,G,8,,
72,Madison,A,9,,
72,Madison,E,10,,
73,Franklin,B,1,,
73,Franklin,G,1,,
73,Franklin,C,2,,
73,Franklin,E,3,,
73,Franklin,F,4,,
73,Franklin,F,5,,
73,Franklin,G,5,,
73,Franklin,D,6,,
73,Franklin,D,7,,
73,Franklin,G,7,,
73,Franklin,D,8,,
73,Franklin,E,8,,
73,Franklin,B,9,,
73,Franklin,F,9,,
73,Franklin,A,10,,
73,Franklin,F,10,,
74,Jefferson,B,2,,
74,Jefferson,D,2,,
74,Jefferson,E,3,,
74,Jefferson,A,4,,
74,Jefferson,B,4,,
74,Jefferson,E,4,,
74,Jefferson,D,5,,
74,Jefferson,C,6,,
74,Jefferson,F,6,,
74,Jefferson,B,7,,
74,Jefferson,D,7,,
74,Jefferson,C,8,,
74,Jefferson,E,8,,
74,Jefferson,C,9,,
74,Jefferson,D,9,,
74,Jefferson,E,9,,
75,Lincoln,C,1,,
75,Lincoln,B,2,,
75,Lincoln,D,2,,
75,Lincoln,G,4,,
75,Lincoln,A,5,,
75,Lincoln,B,5,,
75,Lincoln,C,5,,
75,Lincoln,F,5,,
75,Lincoln,D,6,,
75,Lincoln,C,7,,
75,Lincoln,E,7,,
75,Lincoln,F,7,,
75,Lincoln,G,7,,
75,Lincoln,C,8,,
75,Lincoln,E,9,,
75,Lincoln,G,9,,
75,Lincoln,A,10,,
75,Lincoln,F,10,,
76,Roosevelt,F,1,,
76,Roosevelt,B,2,,
76,Roosevelt,C,2,,
76,Roosevelt,D,2,,
76,Roosevelt,G,2,,
76,Roosevelt,A,3,,
76,Roosevelt,B,3,,
76,Roosevelt,D,3,,
76,Roosevelt,A,4,,
76,Roosevelt,C,4,,
76,Roosevelt,E,4,,
76,Roosevelt,F,4,,
76,Roosevelt,G,4,,
76,Roosevelt,B,5,,
76,Roosevelt,E,5,,
76,Roosevelt,B,6,,
76,Roosevelt,D,6,,
76,Roosevelt,A,7,,
76,Roosevelt,B,7,,
76,Roosevelt,B,8,,
76,Roosevelt,G,10,,
77,Monroe,C,1,,
77,Monroe,C,2,,
77,Monroe,E,2,,
77,Monroe,C,3,,
77,Monroe,A,4,,
77,Monroe,C,4,,
77,Monroe,E,4,,
77,Monroe,G,4,,
77,Monroe,B,5,,
77,Monroe,G,5,,
77,Monroe,B,6,,
77,Monroe,F,6,,
77,Monroe,C,7,,
77,Monroe,E,7,,
77,Monroe,B,8,,
77,Monroe,C,8,,
77,Monroe,E,8,,
77,Monroe,C,9,,
77,Monroe,D,9,,
77,Monroe,E,9,,
78,Adams,A,1,,
78,Adams,B,1,,
78,Adams,C,1,,
78,Adams,D,1,,
78,Adams,G,1,,
78,Adams,A,2,,
78,Adams,C,2,,
78,Adams,B,3,,
78,Adams,C,3,,
78,Adams,D,3,,
78,Adams,G,3,,
78,Adams,A,4,,
78,Adams,C,4,,
78,Adams,A,5,,
78,Adams,F,5,,
78,Adams,D,7,,
78,Adams,A,8,,
78,Adams,D,8,,
78,Adams,G,8,,
78,Adams,E,9,,
78,Adams,A,10,,
79,Jackson,D,1,,
79,Jackson,E,1,,
79,Jackson,D,2,,
79,Jackson,E,2,,
79,Jackson,F,2,,
79,Jackson,G,3,,
79,Jackson,D,4,,
79,Jackson,G,4,,
79,Jackson,G,5,,
79,Jackson,F,6,,
79,Jackson,F,8,,
79,Jackson,D,9,,
79,Jackson,E,9,,
79,Jackson,G,9,,
79,Jackson,B,10,,
79,Jackson,E,10,,
80,Grant,A,1,,
80,Grant,B,1,,
80,Grant,E,1,,
80,Grant,F,1,,
80,Grant,A,2,,
80,Grant,E,2,,
80,Grant,G,2,,
80,Grant,B,3,,
80,Grant,C,3,,
80,Grant,E,3,,
80,Grant,E,4,,
80,Grant,G,4,,
80,Grant,A,5,,
80,Grant,C,5,,
80,Grant,D,5,,
80,Grant,G,5,,
80,Grant,F,6,,
80,Grant,G,6,,
80,Grant,A,7,,
80,Grant,E,7,,
80,Grant,B,8,,
80,Grant,D,8,,
80,Grant,E,8,,
80,Grant,E,9,,
80,Grant,G,9,,
80,Grant,B,10,,
80,Grant,C,10,,
80,Grant,F,10,,
81,Sherwood,E,1,,
81,Sherwood,C,2,,
81,Sherwood,E,2,,
81,Sherwood,A,3,,
81,Sherwood,B,3,,
81,Sherwood,C,3,,
81,Sherwood,D,3,,
81,Sherwood,G,3,,
81,Sherwood,E,4,,
81,Sherwood,F,4,,
81,Sherwood,G,5,,
81,Sherwood,B,6,,
81,Sherwood,C,6,,
81,Sherwood,D,6,,
81,Sherwood,A,7,,
81,Sherwood,F,7,,
81,Sherwood,G,7,,
81,Sherwood,A,8,,
81,Sherwood,C,8,,
81,Sherwood,E,8,,
81,Sherwood,A,9,,
81,Sherwood,C,9,,
81,Sherwood,F,9,,
81,Sherwood,A,10,,
81,Sherwood,C,10,,
81,Sherwood,G,10,,
82,Norwood,A,1,,
82,Norwood,F,2,,
82,Norwood,G,2,,
82,Norwood,B,3,,
82,Norwood,E,3,,
82,Norwood,A,4,,
82,Norwood,D,4,,
82,Norwood,F,5,,
82,Norwood,G,5,,
82,Norwood,D,6,,
82,Norwood,F,6,,
82,Norwood,D,7,,
82,Norwood,F,8,,
82,Norwood,G,8,,
82,Norwood,G,9,,
82,Norwood,G,10,,
83,Brentwood,A,1,,
83,Brentwood,C,1,,
83,Brentwood,A,2,,
83,Brentwood,B,2,,
83,Brentwood,B,4,,
83,Brentwood,C,4,,
83,Brentwood,F,4,,
83,Brentwood,D,5,,
83,Brentwood,E,5,,
83,Brentwood,G,5,,
83,Brentwood,A,6,,
83,Brentwood,B,6,,
83,Brentwood,D,6,,
83,Brentwood,F,6,,
83,Brentwood,A,7,,
83,Brentwood,F,7,,
83,Brentwood,E,8,,
83,Brentwood,F,8,,
83,Brentwood,B,10,,
83,Brentwood,C,10,,
84,Edgewater,A,1,,
84,Edgewater,B,1,,
84,Edgewater,E,2,,
84,Edgewater,A,3,,
84,Edgewater,E,3,,
84,Edgewater,B,4,,
84,Edgewater,C,4,,
84,Edgewater,D,4,,
84,Edgewater,G,4,,
84,Edgewater,C,6,,
84,Edgewater,D,6,,
84,Edgewater,E,6,,
84,Edgewater,G,6,,
84,Edgewater,A,8,,
84,Edgewater,C,8,,
84,Edgewater,D,8,,
84,Edgewater,E,8,,
84,Edgewater,F,8,,
84,Edgewater,D,9,,
84,Edgewater,D,10,,
84,Edgewater,E,10,,
85,Clifton,C,1,,
85,Clifton,G,1,,
85,Clifton,B,2,,
85,Clifton,G,3,,
85,Clifton,C,4,,
85,Clifton,F,4,,
85,Clifton,C,5,,
85,Clifton,D,5,,
85,Clifton,E,5,,
85,Clifton,B,6,,
85,Clifton,F,6,,
85,Clifton,C,7,,
85,Clifton,E,7,,
85,Clifton,G,7,,
85,Clifton,B,8,,
85,Clifton,F,8,,
85,Clifton,C,9,,
85,Clifton,C,10,,
85,Clifton,F,10,,
85,Clifton,G,10,,
86,Briarwood,E,1,,
86,Briarwood,A,2,,
86,Briarwood,C,3,,
86,Briarwood,D,3,,
86,Briarwood,E,3,,
86,Briarwood,F,3,,
86,Briarwood,G,3,,
86,Briarwood,A,4,,
86,Briarwood,B,4,,
86,Briarwood,A,6,,
86,Briarwood,B,6,,
86,Briarwood,E,6,,
86,Briarwood,C,7,,
86,Briarwood,G,7,,
86,Briarwood,B,8,,
86,Briarwood,D,8,,
86,Briarwood,E,8,,
86,Briarwood,F,8,,
86,Briarwood,C,9,,
86,Briarwood,D,9,,
86,Briarwood,E,10,,
87,Fairmont,D,1,,
87,Fairmont,E,1,,
87,Fairmont,A,2,,
87,Fairmont,B,2,,
87,Fairmont,D,2,,
87,Fairmont,F,2,,
87,Fairmont,A,3,,
87,Fairmont,C,3,,
87,Fairmont,A,4,,
87,Fairmont,B,4,,
87,Fairmont,D,4,,
87,Fairmont,E,4,,
87,Fairmont,D,5,,
87,Fairmont,E,5,,
87,Fairmont,G,5,,
87,Fairmont,A,6,,
87,Fairmont,F,6,,
87,Fairmont,G,6,,
87,Fairmont,A,7,,
87,Fairmont,G,7,,
87,Fairmont,B,8,,
87,Fairmont,G,8,,
87,Fairmont,C,9,,
87,Fairmont,D,10,,
88,Newfield,E,1,,
88,Newfield,G,1,,
88,Newfield,C,2,,
88,Newfield,E,2,,
88,Newfield,F,2,,
88,Newfield,C,3,,
88,Newfield,C,4,,
88,Newfield,D,4,,
88,Newfield,C,5,,
88,Newfield,A,6,,
88,Newfield,D,6,,
88,Newfield,C,8,,
88,Newfield,D,8,,
88,Newfield,A,10,,
88,Newfield,B,10,,
88,Newfield,G,10,,
89,Oldtown,A,2,,
89,Oldtown,D,3,,
89,Oldtown,E,3,,
89,Oldtown,F,3,,
89,Oldtown,G,3,,
89,Oldtown,B,4,,
89,Oldtown,B,5,,
89,Oldtown,E,5,,
89,Oldtown,F,5,,
89,Oldtown,A,6,,
89,Oldtown,C,6,,
89,Oldtown,D,6,,
89,Oldtown,G,6,,
89,Oldtown,A,8,,
89,Oldtown,F,8,,
89,Oldtown,B,9,,
89,Oldtown,D,9,,
89,Oldtown,E,9,,
90,Stonegate,D,1,,
90,Stonegate,E,1,,
90,Stonegate,A,2,,
90,Stonegate,C,2,,
90,Stonegate,D,2,,
90,Stonegate,A,3,,
90,Stonegate,B,3,,
90,Stonegate,C,3,,
90,Stonegate,B,4,,
90,Stonegate,C,5,,
90,Stonegate,F,5,,
90,Stonegate,C,6,,
90,Stonegate,B,7,,
90,Stonegate,G,8,,
90,Stonegate,C,9,,
90,Stonegate,F,9,,
90,Stonegate,A,10,,
90,Stonegate,C,10,,
90,Stonegate,G,10,,
91,Crown Point,D,1,,
91,Crown Point,D,2,,
91,Crown Point,F,2,,
91,Crown Point,C,3,,
91,Crown Point,D,3,,
91,Crown Point,F,3,,
91,Crown Point,G,3,,
91,Crown Point,G,4,,
91,Crown Point,B,5,,
91,Crown Point,D,5,,
91,Crown Point,E,5,,
91,Crown Point,E,6,,
91,Crown Point,F,6,,
91,Crown Point,G,6,,
91,Crown Point,A,7,,
91,Crown Point,C,7,,
91,Crown Point,D,7,,
91,Crown Point,G,7,,
91,Crown Point,C,8,,
91,Crown Point,F,8,,
91,Crown Point,G,8,,
91,Crown Point,D,9,,
92,Bluewater,A,1,,
92,Bluewater,A,2,,
92,Bluewater,F,2,,
92,Bluewater,A,3,,
92,Bluewater,D,3,,
92,Bluewater,E,3,,
92,Bluewater,B,4,,
92,Bluewater,D,4,,
92,Bluewater,E,5,,
92,Bluewater,F,5,,
92,Bluewater,A,6,,
92,Bluewater,B,6,,
92,Bluewater,E,6,,
92,Bluewater,B,7,,
92,Bluewater,C,7,,
92,Bluewater,E,8,,
92,Bluewater,F,8,,
92,Bluewater,G,8,,
92,Bluewater,B,9,,
92,Bluewater,G,9,,
93,Golden Hill,A,1,,
93,Golden Hill,B,1,,
93,Golden Hill,C,1,,
93,Golden Hill,B,2,,
93,Golden Hill,G,2,,
93,Golden Hill,B,3,,
93,Golden Hill,C,4,,
93,Golden Hill,E,4,,
93,Golden Hill,F,4,,
93,Golden Hill,D,5,,
93,Golden Hill,A,6,,
93,Golden Hill,C,6,,
93,Golden Hill,B,7,,
93,Golden Hill,C,7,,
93,Golden Hill,F,7,,
93,Golden Hill,G,7,,
93,Golden Hill,B,8,,
93,Golden Hill,D,8,,
93,Golden Hill,E,8,,
93,Golden Hill,C,9,,
93,Golden Hill,B,10,,
93,Golden Hill,C,10,,
93,Golden Hill,F,10,,
94,Redcliff,B,1,,
94,Redcliff,A,2,,
94,Redcliff,B,3,,
94,Redcliff,E,3,,
94,Redcliff,A,4,,
94,Redcliff,B,4,,
94,Redcliff,C,4,,
94,Redcliff,B,5,,
94,Redcliff,C,5,,
94,Redcliff,F,6,,
94,Redcliff,G,6,,
94,Redcliff,C,7,,
94,Redcliff,E,7,,
94,Redcliff,B,8,,
94,Redcliff,C,8,,
94,Redcliff,C,9,,
94,Redcliff,E,9,,
94,Redcliff,C,10,,
94,Redcliff,D,10,,
94,Redcliff,E,10,,
95,Windermere,B,1,,
95,Windermere,C,1,,
95,Windermere,F,1,,
95,Windermere,B,2,,
95,Windermere,C,2,,
95,Windermere,D,3,,
95,Windermere,E,3,,
95,Windermere,F,3,,
95,Windermere,D,5,,
95,Windermere,E,5,,
95,Windermere,G,5,,
95,Windermere,D,6,,
95,Windermere,G,6,,
95,Windermere,A,8,,
95,Windermere,C,8,,
95,Windermere,G,8,,
95,Windermere,A,9,,
95,Windermere,D,9,,
95,Windermere,D,10,,
95,Windermere,G,10,,
96,Lakehurst,A,1,,
96,Lakehurst,D,1,,
96,Lakehurst,G,1,,
96,Lakehurst,A,2,,
96,Lakehurst,F,2,,
96,Lakehurst,G,3,,
96,Lakehurst,A,4,,
96,Lakehurst,B,4,,
96,Lakehurst,C,4,,
96,Lakehurst,D,4,,
96,Lakehurst,F,4,,
96,Lakehurst,F,5,,
96,Lakehurst,A,6,,
96,Lakehurst,E,6,,
96,Lakehurst,F,6,,
96,Lakehurst,D,7,,
96,Lakehurst,B,8,,
96,Lakehurst,C,8,,
96,Lakehurst,F,8,,
96,Lakehurst,G,8,,
96,Lakehurst,B,9,,
96,Lakehurst,A,10,,
96,Lakehurst,G,10,,
97,Greenhaven,C,1,,
97,Greenhaven,E,1,,
97,Greenhaven,F,1,,
97,Greenhaven,G,1,,
97,Greenhaven,C,2,,
97,Greenhaven,E,2,,
97,Greenhaven,F,2,,
97,Greenhaven,B,3,,
97,Greenhaven,C,3,,
97,Greenhaven,G,3,,
97,Greenhaven,B,4,,
97,Greenhaven,C,4,,
97,Greenhaven,F,4,,
97,Greenhaven,C,5,,
97,Greenhaven,D,5,,
97,Greenhaven,F,5,,
97,Greenhaven,A,6,,
97,Greenhaven,D,6,,
97,Greenhaven,F,6,,
97,Greenhaven,C,7,,
97,Greenhaven,E,7,,
97,Greenhaven,F,7,,
97,Greenhaven,G,7,,
97,Greenhaven,C,8,,
97,Greenhaven,D,8,,
97,Greenhaven,E,8,,
97,Greenhaven,A,9,,
97,Greenhaven,C,9,,
97,Greenhaven,E,9,,
97,Greenhaven,G,9,,
98,Westfield,D,1,,
98,Westfield,E,1,,
98,Westfield,G,1,,
98,Westfield,C,2,,
98,Westfield,D,2,,
98,Westfield,F,2,,
98,Westfield,G,2,,
98,Westfield,C,3,,
98,Westfield,E,4,,
98,Westfield,B,5,,
98,Westfield,E,5,,
98,Westfield,D,6,,
98,Westfield,A,7,,
98,Westfield,A,8,,
98,Westfield,C,8,,
98,Westfield,F,8,,
98,Westfield,G,8,,
98,Westfield,A,9,,
98,Westfield,B,9,,
98,Westfield,F,9,,
98,Westfield,A,10,,
98,Westfield,B,10,,
98,Westfield,C,10,,
98,Westfield,F,10,,
98,Westfield,G,10,,
99,Eastfield,A,1,,
99,Eastfield,C,1,,
99,Eastfield,B,2,,
99,Eastfield,F,2,,
99,Eastfield,A,3,,
99,Eastfield,B,3,,
99,Eastfield,C,3,,
99,Eastfield,D,3,,
99,Eastfield,E,3,,
99,Eastfield,F,3,,
99,Eastfield,G,3,,
99,Eastfield,E,4,,
99,Eastfield,F,4,,
99,Eastfield,B,6,,
99,Eastfield,D,6,,
99,Eastfield,E,6,,
99,Eastfield,C,7,,
99,Eastfield,E,7,,
99,Eastfield,F,7,,
99,Eastfield,G,7,,
99,Eastfield,F,8,,
99,Eastfield,B,9,,
99,Eastfield,E,9,,
99,Eastfield,G,9,,
99,Eastfield,B,10,,
99,Eastfield,C,10,,
100,Northfield,B,1,,
100,Northfield,F,1,,
100,Northfield,B,2,,
100,Northfield,F,3,,
100,Northfield,A,4,,
100,Northfield,C,4,,
100,Northfield,E,4,,
100,Northfield,F,4,,
100,Northfield,G,4,,
100,Northfield,B,5,,
100,Northfield,F,5,,
100,Northfield,B,6,,
100,Northfield,D,6,,
100,Northfield,F,6,,
100,Northfield,B,7,,
100,Northfield,D,7,,
100,Northfield,F,7,,
100,Northfield,A,8,,
100,Northfield,D,8,,
100,Northfield,A,9,,
100,Northfield,G,9,,
100,Northfield,C,10,,
100,Northfield,D,10,,
